{
  "version": 1,
  "author": "Pairoj Boonserm",
  "editor": "wokwi",
  "parts": [
    { "type": "board-esp32-devkit-c-v4", "id": "esp", "top": -28.8, "left": -4.76, "attrs": {} },
    { "type": "wokwi-dht22", "id": "dht1", "top": -18.9, "left": -82.2, "attrs": {} },
    {
      "type": "wokwi-led",
      "id": "led1",
      "top": -51.6,
      "left": 109.4,
      "attrs": { "color": "red" }
    }
  ],
  "connections": [
    [ "esp:TX", "$serialMonitor:RX", "", [] ],
    [ "esp:RX", "$serialMonitor:TX", "", [] ],
    [ "dht1:GND", "esp:GND.1", "black", [ "v0" ] ],
    [ "dht1:VCC", "esp:5V", "red", [ "v0" ] ],
    [ "esp:5", "dht1:SDA", "green", [ "h0" ] ],
    [ "esp:GND.2", "led1:C", "black", [ "v0" ] ],
    [ "esp:4", "led1:A", "green", [ "h0" ] ]
  ],
  "env": {
    "WOKWI_WIFI": "1"
  },
  "dependencies": {}
}
